dt_cross_id,cross_id,Az,El,dx,dy
ex000,0,0.0,30.0,0.002777777777777778,-0.001388888888888889
ex001,1,45.0,40.0,-0.0022222222222222222,0.0016666666666666668
ex002,2,90.0,50.0,0.001388888888888889,-0.0011111111111111111
ex003,3,135.0,60.0,-0.0008333333333333334,0.0005555555555555556
ex004,4,180.0,45.0,0.0002777777777777778,-0.0002777777777777778
